0,"f",True,01101000000011101011000011101111,"female"
0,"f",True,10101100010111000010101111000110,"female"
0,"f",True,01101101011110001001000111000111,"female"
0,"f",True,01011001001111000011001101101011,"female"
0,"f",True,01001110011111001001001001000110,"female"
0,"f",True,01110000000001101011101001101001,"female"
0,"f",True,01001100000101000001000001111110,"female"
0,"f",True,01010100110101000010010111101001,"female"
0,"f",True,11110000010101110011000001111101,"female"
0,"f",True,00010010000110100001110011000110,"female"
0,"f",True,00011110000100101101010011100010,"female"
0,"f",True,00110101010110001011000111100110,"female"
0,"f",True,01110001001100100011100011111111,"female"
0,"f",True,01110001011101001011111111001010,"female"
0,"f",True,01101101010100100010111011000101,"female"
0,"f",True,01100001001010001101001010101010,"female"
0,"f",True,01110001000111001111000011100001,"female"
0,"f",True,01101110100101000011100111001000,"female"
0,"f",True,01110000000100101011001011001010,"female"
0,"f",True,01101100000000001001010011100111,"female"
0,"f",True,01100110010001001010000011101001,"female"
0,"f",True,00001001001000110111000011011101,"female"
0,"f",True,11101001000110001001010011101110,"female"
0,"f",True,01000001001111001011101011001000,"female"
0,"f",True,01011110010111001001001001101001,"female"
0,"f",True,01010010000111101011000011101111,"female"
0,"f",True,11110001001111000101010011101110,"female"
0,"f",True,11011110001001100011011111101010,"female"
0,"f",True,01011100000001010101010011101001,"female"
0,"f",True,10011001010110101011100111000110,"female"
0,"f",True,01011000110011111011000011111010,"female"
0,"f",True,01011011010100011011000101011111,"female"
0,"f",True,11101000010111111011000011000001,"female"
0,"f",True,01000011000101100011010011111110,"female"
0,"f",True,01010001001010101011000001010010,"female"
0,"f",True,01010000001101100010110011101101,"female"
0,"f",True,11010001000011000011011011001100,"female"
0,"f",True,01111111010010001001000111010010,"female"
0,"f",True,00110000010110001011100111100010,"female"
0,"f",True,11111100000101111001000011011011,"female"
0,"f",True,00001100001110101001000111100010,"female"
0,"f",True,01011001000000101011010010011001,"female"
0,"f",True,01100100000111011111010001111001,"female"
0,"f",True,01010001000010001010000011001000,"female"
0,"f",True,00100001000101101001011011100011,"female"
0,"f",True,01011000001011101001101111110011,"female"
0,"f",True,01011101000101000011011111011001,"female"
0,"f",True,00011100001011000011101111000110,"female"
0,"f",True,01001101100011001001001011001011,"female"
0,"f",True,01011000000101111000000011111001,"female"
0,"f",True,00001111010100101111000101011001,"female"
0,"f",True,01110001001101001011111011000100,"female"
0,"f",True,10011001001011101011011111001111,"female"
0,"f",True,10000001010111101111000011001010,"female"
0,"f",True,01110001100011001001100011001011,"female"
0,"f",True,00100101000111101001100001011110,"female"
0,"f",True,00000000000101000101100001101110,"female"
0,"f",True,01001000001110000011100011111001,"female"
0,"f",True,00011001010111001011100111100010,"female"
0,"f",True,01010101000110001011101111011111,"female"
0,"f",True,01011010010101001011010001010110,"female"
0,"f",True,00011111010111000000000001001000,"female"
0,"f",True,10011101001111100001011011000110,"female"
0,"f",True,00100100000000000011000101011110,"female"
0,"f",True,00000110010011000011001111100101,"female"
0,"f",True,11001000010101101010010011101011,"female"
0,"f",True,01101000000001001000001011101010,"female"
0,"f",True,00111100011010101011110111100111,"female"
0,"f",True,00001100000011010001110001100011,"female"
0,"f",True,01010000101001001010000011110001,"female"
0,"f",True,01001001000101101011100011011111,"female"
0,"f",True,10001001001101101111101011001010,"female"
0,"f",True,10010100000000101001000011011010,"female"
0,"f",True,01011000001011101001101101010010,"female"
0,"f",True,00000100000011010011000011101111,"female"
0,"f",True,01110111000101100101010101001100,"female"
0,"f",True,11111000100010001110000011011111,"female"
0,"f",True,10001101100110100011000111101001,"female"
0,"f",True,00001000000101000001001111111010,"female"
0,"f",True,11010001010111111001001011001110,"female"
0,"f",True,01100001000111001011100001011101,"female"
0,"f",True,11101000010001001001001011010101,"female"
0,"f",True,01010001010011001011001111010110,"female"
0,"f",True,01011000001101000011010111001110,"female"
0,"f",True,00010101000100001011001011111111,"female"
0,"f",True,01111001000000001000101011001110,"female"
0,"f",True,00000010000111101011000011101101,"female"
0,"f",True,01001101101000101011001011100011,"female"
0,"f",True,01011010000011100000011111000010,"female"
0,"f",True,00111100010101101011001011100010,"female"
0,"f",True,10001100100010101011001011101110,"female"
0,"f",True,11011000001110001011110011010011,"female"
0,"f",True,00000100000001101011100001100111,"female"
0,"f",True,01111000110100100011001111000010,"female"
0,"f",True,00011001010011101011100111100010,"female"
0,"f",True,01010101001010100001001011011110,"female"
0,"f",True,01100001111111001111010011100011,"female"
0,"f",True,01011000000010100001000011011110,"female"
0,"f",True,01101101010010000001011111101100,"female"
0,"f",True,00010011000001000011000111100011,"female"
0,"f",True,01011101010010101011101111000101,"female"
0,"f",True,01101101001110100111111011010111,"female"
0,"f",True,00110011010111100000010111001010,"female"
0,"f",True,01001000011111001011111001110011,"female"
0,"f",True,01011100010011100001001011111010,"female"
0,"f",True,10001001001110001011000111101000,"female"
0,"f",True,11001000001101100011100011100001,"female"
0,"f",True,00011001010111100001011001111011,"female"
0,"f",True,01111000000001101111101011100011,"female"
0,"f",True,01111101000101100001001011101011,"female"
0,"f",True,01101100000001001011000111101011,"female"
0,"f",True,11111010000000011001111011100111,"female"
0,"f",True,01010000010001101111100011001000,"female"
0,"f",True,11001000000011001111001011010010,"female"
0,"f",True,01001011000111000010011011101000,"female"
0,"f",True,01101000001111100001011111111010,"female"
0,"f",True,11010000000001101011011011100011,"female"
0,"f",True,01010000000100101011101011100111,"female"
0,"f",True,01110000011011101101001001110100,"female"
0,"f",True,11001001000000101011000111000010,"female"
0,"f",True,01011100000011000011000011010010,"female"
0,"f",True,01001001110001000111000011111110,"female"
0,"f",True,01111000010011001111010001011011,"female"
0,"f",True,01011011000100010111101011011011,"female"
0,"f",True,01001100100110001011101011011011,"female"
0,"f",True,01111100000111101011000001011000,"female"
0,"f",True,01011100000111001011011001001010,"female"
0,"f",True,00101001000111101011000111001111,"female"
0,"f",True,11010001000011000011001011001010,"female"
0,"f",True,01001101001001101011101011010010,"female"
0,"f",True,11111001000001110111000001011001,"female"
0,"f",True,01001000000100001011001011100001,"female"
0,"f",True,00110000000011000011000011011000,"female"
0,"f",True,01001001000111001111001011110011,"female"
0,"f",True,01001000000011010001000011100000,"female"
0,"f",True,00001000000000000011010011011101,"female"
0,"f",True,11100101000110101001100111010010,"female"
0,"f",True,01110100000100001011010010100010,"female"
0,"f",True,10001001100100101010101011001110,"female"
0,"f",True,11001001010111101001110001001111,"female"
0,"f",True,11101001101011010111100000011100,"female"
0,"f",True,01111101110110101011000111100011,"female"
0,"f",True,01100001000110001101010011110000,"female"
0,"f",True,01011000000000110001010011101010,"female"
0,"f",True,11010101000001001011010010011101,"female"
0,"f",True,01101000000000001111000011000011,"female"
0,"f",True,11111001001110001011000101010001,"female"
0,"f",True,01110010100001100011100011010010,"female"
0,"f",True,10010100000011110001000011001010,"female"
0,"m",True,01110001000101010011110011011001,"male_map"
0,"m",True,01111011010001100001001011101110,"male_map"
0,"m",True,00010011000100101001000011001101,"male_map"
0,"m",True,11001001000100001011000111010010,"male_map"
0,"m",True,01111010010000101011000011001010,"male_map"
0,"m",True,01011000000111101111101111010001,"male_map"
0,"m",True,01011001010001101001101111001110,"male_map"
0,"m",True,01001000001100011101011011000100,"male_map"
0,"m",True,01010100010010001011001111111111,"male_map"
0,"m",True,01001001001011101111100001100111,"male_map"
0,"m",True,11101001111111001011001111010101,"male_map"
0,"m",True,01001000110001101011000011101011,"male_map"
0,"m",True,10010110010100101011111011111101,"male_map"
0,"m",True,01111001000000001001101011100010,"male_map"
0,"m",True,11011101000101001011010111001110,"male_map"
0,"m",True,11101001001011100011100001010001,"male_map"
0,"m",True,10001001000010001010010111010011,"male_map"
0,"m",True,01110000010010001001000111011111,"male_map"
0,"m",True,01010010011111100011010011000110,"male_map"
0,"m",True,01110101010100100010001010101010,"male_map"
0,"m",True,01010100010100010001100011111000,"male_map"
0,"m",True,01010100110101000111010001100000,"male_map"
0,"m",True,11011101000010001000101111101010,"male_map"
0,"m",True,01111001010010001001001011101010,"male_map"
0,"m",True,11001110011110001111100011011000,"male_map"
0,"m",True,01101001000111001101001001000100,"male_map"
0,"m",True,01101101010010000010000011100000,"male_map"
0,"m",True,10011101100011101011001011100011,"male_map"
0,"m",True,11101001100001001111000001111111,"male_map"
0,"m",True,11011100000101100011000101101011,"male_map"
0,"m",True,01111100010111001001100111010110,"male_map"
0,"m",True,01000000010101001011000011000111,"male_map"
0,"m",True,11011001000110101011001111101010,"male_map"
0,"m",True,11110001000001101001000001000100,"male_map"
0,"m",True,11011101000011101010100011101001,"male_map"
0,"m",True,10011000000000101111000011000010,"male_map"
0,"m",True,10011101001100001011010011000001,"male_map"
0,"m",True,01001000000100101011101111000010,"male_map"
0,"m",True,01100011010010001011001101000010,"male_map"
0,"m",True,00111001000000000000111011000011,"male_map"
0,"m",True,10010000000100100001111101010011,"male_map"
0,"m",True,01110100001011000000110001101100,"male_map"
0,"m",True,10000110000101101010101011001010,"male_map"
0,"m",True,11010100000100001011010011011111,"male_map"
0,"m",True,11000001000101101011100011101001,"male_map"
0,"m",True,11010000110110000000000111011000,"male_map"
0,"m",True,11011011100010001001010011010011,"male_map"
0,"m",True,01010000010000001000000111101011,"male_map"
0,"m",True,00011101000011000001111011000011,"male_map"
0,"m",True,11001000010000111011001011011001,"male_map"
0,"m",True,01010000010011010001001001001111,"male_map"
0,"m",True,10110101000001101011111001000110,"male_map"
0,"m",True,01101001011011000000000011000011,"male_map"
0,"m",True,01101010000001000001010011100010,"male_map"
0,"m",True,11010101000111101110001011011011,"male_map"
0,"m",True,01010001000101100101100011001001,"male_map"
0,"m",True,01101001001001001010000011000010,"male_map"
0,"m",True,01000010000101000011011011101000,"male_map"
0,"m",True,00000000001111101010001111001010,"male_map"
0,"m",True,01100000000011010001001011010011,"male_map"
0,"m",True,11100101010111101011010111100100,"male_map"
0,"m",True,01001001010000001011000011001010,"male_map"
0,"m",True,11001000000001001011000011101101,"male_map"
0,"m",True,01001010100001000011000011001001,"male_map"
0,"m",True,01110011100000001011000011000001,"male_map"
0,"m",True,11001000000011001011000011100001,"male_map"
0,"m",True,01011101000011000011001111000101,"male_map"
0,"m",True,11000001000011000111111111010111,"male_map"
0,"m",True,01010000011101110011111011011011,"male_map"
0,"m",True,10001001010111100010011111001110,"male_map"
0,"m",True,01011000011010101001001111010110,"male_map"
0,"m",True,01111101010111101111011011001001,"male_map"
0,"m",True,11001110000001001011010111101000,"male_map"
0,"m",True,00010110010011101011100011001010,"male_map"
0,"m",True,01011100010111001111100111001100,"male_map"
0,"m",True,00111001100011010101000111000111,"male_map"
0,"m",True,01011011000101010111001111001011,"male_map"
0,"m",True,00010001000111111011001011001010,"male_map"
0,"m",True,01000000000111101111000011001100,"male_map"
0,"m",True,01000000001110001001100011101010,"male_map"
0,"m",True,01101010000110101001001010100011,"male_map"
0,"m",True,01011101100001101001000011110011,"male_map"
0,"m",True,01101000001010000001001111011001,"male_map"
0,"m",True,11111101000001101010100111011001,"male_map"
0,"m",True,01100101000111100101001001000111,"male_map"
0,"m",True,01101101010100001110100111010010,"male_map"
0,"m",True,01110100000111100011001011011110,"male_map"
0,"m",True,00001001000101001010011011001011,"male_map"
0,"m",True,01010100000001101011101111101010,"male_map"
0,"m",True,11001001000011101010010011000110,"male_map"
0,"m",True,01110000000010100001110001101111,"male_map"
0,"m",True,01000001001101001011110011100110,"male_map"
0,"m",True,01111100010010101011001001001010,"male_map"
0,"m",True,10010000000011010011100011101111,"male_map"
0,"m",True,11010110001010101010101111101010,"male_map"
0,"m",True,01001001000111101111001001101010,"male_map"
0,"m",True,01000010000100101011011111111000,"male_map"
0,"m",True,01000000000001010001011101011011,"male_map"
0,"m",True,01010100001110101001011011111111,"male_map"
0,"m",True,00010100000100001001000011110010,"male_map"
0,"m",True,01001110010111000011000011000000,"male_map"
0,"m",True,11011001010101001011100111111110,"male_map"
0,"m",True,01000000011000101011100001001111,"male_map"
0,"m",True,10001101111100001010000011101011,"male_map"
0,"m",True,01111000110111111011101011011000,"male_map"
0,"m",True,01000001000111001011001010110001,"male_map"
0,"m",True,01001010011100101011101111001111,"male_map"
0,"m",True,00011001010110100011110111100010,"male_map"
0,"m",True,11100110000000101011010111100001,"male_map"
0,"m",True,00101000001011000000001111000110,"male_map"
0,"m",True,00010110010111100001010101001010,"male_map"
0,"m",True,00000000000110101101100011001111,"male_map"
0,"m",True,01011101000001000011101111000100,"male_map"
0,"m",True,01101001000000101011000001001100,"male_map"
0,"m",True,01010101000011001011100011101001,"male_map"
0,"m",True,01110000001011101010001011010111,"male_map"
0,"m",True,11100000000011000010010011000101,"male_map"
0,"m",True,11010001100111001011010001100010,"male_map"
0,"m",True,01010101000011010011000011001100,"male_map"
0,"m",True,01110100011111101011000001000111,"male_map"
0,"m",True,11100000011111000010000001110100,"male_map"
0,"m",True,00100000000101000011000011100100,"male_map"
0,"m",True,01110000010000010001100111101011,"male_map"
0,"m",True,00011101011010001001000111011001,"male_map"
0,"m",True,00001001010110001001110111101010,"male_map"
0,"m",True,11000110000001001011111011100000,"male_map"
0,"m",True,11101101001000100011000011010001,"male_map"
0,"m",True,11010110000011101111100011001011,"male_map"
0,"m",True,01000011010110100011000001101110,"male_map"
0,"m",True,01011100101001001010100010110011,"male_map"
0,"m",True,01010100010110101011101111010011,"male_map"
0,"m",True,11110101010001000111010100101000,"male_map"
0,"m",True,11011000010111101111001111010011,"male_map"
0,"m",True,01010010010000010011001001001001,"male_map"
0,"m",True,01001000101011101001000011111111,"male_map"
0,"m",True,01001010000011000010000011010001,"male_map"
0,"m",True,00011001000111001011001011101110,"male_map"
0,"m",True,01010001000101001011101111001000,"male_map"
0,"m",True,11011111000000001001001001100010,"male_map"
0,"m",True,00011101010010000110000001001000,"male_map"
0,"m",True,00011101100101101010010011101111,"male_map"
0,"m",True,01000111001011100011011011011011,"male_map"
0,"m",True,01011000000011100001000001101111,"male_map"
0,"m",True,00111001000010100000000011011011,"male_map"
0,"m",True,11011110010010001011000111101000,"male_map"
0,"m",True,00011011000111100111110001100011,"male_map"
0,"m",True,01001100110011101011010011001111,"male_map"
0,"m",True,01110100000110101000001011101101,"male_map"
0,"m",True,11010001001110101010110011010001,"male_map"
0,"m",True,01111000001111100101111111100010,"male_map"
0,"m",True,10010001010101101001010011101011,"male_map"
0,"m",True,00010101100111111010000011010010,"male_map"
0,"m",True,11100001000100100000001011101010,"male_map"
0,"m",True,01110100000011001011000111000010,"male_map"
0,"m",True,01110001010001101011000011100010,"male_map"
0,"m",True,01111100001101111011001011010011,"male_map"
0,"m",True,01110100000010101010000011101001,"male_map"
5,"f",True,00111111000111100011101011010100,"female"
5,"f",True,11011100001001010011100011101001,"female"
5,"f",True,01010101000010001111110011000010,"female"
5,"f",True,01001000000111101011100011011010,"female"
5,"f",True,01100001000011100001000111011101,"female"
5,"f",True,01000001001001101011011001011010,"female"
5,"f",True,00010101000111101011000111110000,"female"
5,"f",True,11010011011111100011000011001111,"female"
5,"f",True,10000000001011001011100011000010,"female"
5,"f",True,00011101000111000001001100001011,"female"
5,"f",True,01010001001101001010111011000100,"female"
5,"f",True,11101001000101101001000011010000,"female"
5,"f",True,00010000011111001010100011000001,"female"
5,"f",True,11001101000110101001000011011110,"female"
5,"f",True,01010100000001000010000011110011,"female"
5,"f",True,11011000110101000001111111111111,"female"
5,"f",True,11001011000101101111101011010101,"female"
5,"f",True,11000101100101000111000001010011,"female"
5,"f",True,01000000010001101111101011001101,"female"
5,"f",True,00010101000010101001010011000010,"female"
5,"f",True,00000001001101101011000110000010,"female"
5,"f",True,01111100010101001001000111111011,"female"
5,"f",True,11100000010110001011110011101000,"female"
5,"f",True,00101001000101000100110011011010,"female"
5,"f",True,11010001000111101011011011100011,"female"
5,"f",True,11000101010001100101011011101000,"female"
5,"f",True,01010000001011100111100111011110,"female"
5,"f",True,01101010001111101011010011000111,"female"
5,"f",True,11011010010001100001000111101110,"female"
5,"f",True,01010010111101100011100111001100,"female"
5,"f",True,01010101100111111010110011010101,"female"
5,"f",True,11011001001011000011011011000111,"female"
5,"f",True,01000101010111101010111011100111,"female"
5,"f",True,00011001000111101111101001011111,"female"
5,"f",True,01011010000101100011000001000011,"female"
5,"f",True,01111001000001100010001111000010,"female"
5,"f",True,00001011000101000011110001101011,"female"
5,"f",True,00010101000000001000000011011111,"female"
5,"f",True,00010100010110100110000001111001,"female"
5,"f",True,01111000010101101011000011011010,"female"
5,"f",True,01111011010110101011000011000011,"female"
5,"f",True,01011011000000001011000011010000,"female"
5,"f",True,10001001000001001001100011011111,"female"
5,"f",True,11010000010110111011000011011100,"female"
5,"f",True,01010100100010100110000110000100,"female"
5,"f",True,00010010010110100001100011100111,"female"
5,"f",True,01111001000011100011001001111010,"female"
5,"f",True,01001100011010101011000001001101,"female"
5,"f",True,00001011000111101011001111001011,"female"
5,"f",True,00010001010110101011010011101011,"female"
5,"f",True,00001001001001001010000011100011,"female"
5,"f",True,00110100000000000100000001001001,"female"
5,"f",True,01110100010101100011000011111010,"female"
5,"f",True,11111101000011101011000111010110,"female"
5,"f",True,10010000001001101010100011001000,"female"
5,"f",True,11101000010100000010011111001100,"female"
5,"f",True,01010101000000011101000011010001,"female"
5,"f",True,01111000000001000011000011001110,"female"
5,"f",True,01000001001101000111001001101111,"female"
5,"f",True,01010000001011010011110101101100,"female"
5,"f",True,01101001001101100011101011110010,"female"
5,"f",True,01101110000110101011000011101100,"female"
5,"f",True,01010101000011000011100011010011,"female"
5,"f",True,01011011001001101011100011000010,"female"
5,"f",True,10011101010111100011000011001011,"female"
5,"f",True,01111101010110101001000111001001,"female"
5,"f",True,01111000000010001001011011001011,"female"
5,"f",True,01110101110110100011101111101100,"female"
5,"f",True,11001101000001001011101011010111,"female"
5,"f",True,01011011000101100111110011000011,"female"
5,"f",True,01010010001001100011110001000101,"female"
5,"f",True,01101001110110001001001111000111,"female"
5,"f",True,11111010000010101010000101011010,"female"
5,"f",True,01011011001111101111100011100010,"female"
5,"f",True,01011100000110001011001011110011,"female"
5,"f",True,00010000010110001001100011000001,"female"
5,"f",True,00110101000001000011100011100000,"female"
5,"f",True,01011101000001001111011011011010,"female"
5,"f",True,11001011010100100001001011001111,"female"
5,"f",True,11000011000011001011010011100100,"female"
5,"f",True,01100000010001100101011001111010,"female"
5,"f",True,01111001001011000111100111011011,"female"
5,"f",True,10101001000110111111010101011100,"female"
5,"f",True,01011001010110100011010111001000,"female"
5,"f",True,11010000000100011101000011010001,"female"
5,"f",True,01000010000101100011011011111110,"female"
5,"f",True,11011101000001000111000111100010,"female"
5,"f",True,11100001010001000110010111000111,"female"
5,"f",True,01100101001101001001000001000010,"female"
5,"f",True,10010110000101010001100111011011,"female"
5,"f",True,00010101000110001101110011010010,"female"
5,"f",True,01110001010001100000111011100101,"female"
5,"f",True,01110001000010001011000111010101,"female"
5,"f",True,01010110001010101001000001011011,"female"
5,"f",True,00011010000011100011010011101010,"female"
5,"f",True,01010101000100101000010110110011,"female"
5,"f",True,11010001000111101011010011001111,"female"
5,"f",True,01001100000011101011000011000110,"female"
5,"f",True,01111100001001010011001011000011,"female"
5,"f",True,00100010001010101011001111010001,"female"
5,"f",True,11111001010001101011001011010001,"female"
5,"f",True,00000010001101101010011011001011,"female"
5,"f",True,11011000000011000011000011011000,"female"
5,"f",True,00010101001101001011100011101001,"female"
5,"f",True,11101001000111100111001111101011,"female"
5,"f",True,00010001000111101011011001000101,"female"
5,"f",True,01101101001101111011010011000100,"female"
5,"f",True,11101100001001101011011011010011,"female"
5,"f",True,01010101101000000101010111011100,"female"
5,"f",True,00001000000011001111001001000110,"female"
5,"f",True,01100100000011011010010111000101,"female"
5,"f",True,11011010001000110101100011011011,"female"
5,"m",True,11001000100010101011010011010011,"male_map"
5,"m",True,00000000000101000111010011101011,"male_map"
5,"m",True,01000101000011111011001001001110,"male_map"
5,"m",True,10011101000000101001000011101010,"male_map"
5,"m",True,10001001010001001001010011000100,"male_map"
5,"m",True,01101101001100000011000011100001,"male_map"
5,"m",True,01111000001010001000001111001010,"male_map"
5,"m",True,01110100000001010001000011001111,"male_map"
5,"m",True,01000000000001001000000111110111,"male_map"
5,"m",True,11001010001011100111000011011010,"male_map"
5,"m",True,00011101010111000011000001010010,"male_map"
5,"m",True,11101001010101000010000011000100,"male_map"
5,"m",True,10111101100001001001000011011011,"male_map"
5,"m",True,10100101000001001011100111110010,"male_map"
5,"m",True,01010000000101001111010011110001,"male_map"
5,"m",True,01001001000111001001001001000000,"male_map"
5,"m",True,11011101000111101011110011000010,"male_map"
5,"m",True,11000000101011001011001111010111,"male_map"
5,"m",True,10011001000011001000001111000011,"male_map"
5,"m",True,01011001101110100001011011001110,"male_map"
5,"m",True,01011100001001001001001101101001,"male_map"
5,"m",True,01011100000011100001000001000000,"male_map"
5,"m",True,01011111000111011011010111001100,"male_map"
5,"m",True,01010100000111101110001111010101,"male_map"
5,"m",True,01010111010100000011100011001011,"male_map"
5,"m",True,11011011100000100010000111011000,"male_map"
5,"m",True,01011101000110001011100011100011,"male_map"
5,"m",True,10001001001010101001001011001110,"male_map"
5,"m",True,11001001001100101001000011000010,"male_map"
5,"m",True,01010010110011100011001011000101,"male_map"
5,"m",True,01111101000101101011000011001011,"male_map"
5,"m",True,11101101000011100011000011101111,"male_map"
5,"m",True,01000000010010101011011001000110,"male_map"
5,"m",True,01010000000101101011000111100011,"male_map"
5,"m",True,11011101010101101011010011001110,"male_map"
5,"m",True,01001100010111001000101001000001,"male_map"
5,"m",True,01010100000101101010100000110011,"male_map"
5,"m",True,01111000000011101011001011100010,"male_map"
5,"m",True,10000101010100101011001011101011,"male_map"
5,"m",True,11000001000001111011000001011010,"male_map"
5,"m",True,01100101000000001001000011011100,"male_map"
5,"m",True,01111000000011001011001111101100,"male_map"
5,"m",True,01110100000100001011111011100011,"male_map"
5,"m",True,01010110000011100011100111010000,"male_map"
5,"m",True,01011101110110000111001101101001,"male_map"
5,"m",True,01001011111010100011100011000110,"male_map"
5,"m",True,11110101001110001001000011111101,"male_map"
5,"m",True,01011111000011101010010011101010,"male_map"
5,"m",True,00101100001000101010101111110111,"male_map"
5,"m",True,10011001010100100101101101110111,"male_map"
5,"m",True,01010001111111100111100011100010,"male_map"
5,"m",True,11010001101111101011110011001110,"male_map"
5,"m",True,11010000000100101011111011010101,"male_map"
5,"m",True,01001110100100101011010011101110,"male_map"
5,"m",True,01000000010100101011011011011110,"male_map"
5,"m",True,01101110000100001001001101000001,"male_map"
5,"m",True,01000111010011000010000111111010,"male_map"
5,"m",True,01110100010110001001000111001111,"male_map"
5,"m",True,00010100001100100010000011001011,"male_map"
5,"m",True,01111001000011001011010011000110,"male_map"
5,"m",True,01000100000011101011000111000010,"male_map"
5,"m",True,00010001000000001010111011001011,"male_map"
5,"m",True,01110000010011001001111001100001,"male_map"
5,"m",True,01010100000000000011000011011111,"male_map"
5,"m",True,01000000000000101011011011000001,"male_map"
5,"m",True,11001100010010101001000101001000,"male_map"
5,"m",True,01010110000011101011100011000101,"male_map"
5,"m",True,11000000000101101001001011010010,"male_map"
5,"m",True,10010001000101001011011011001000,"male_map"
5,"m",True,01010000001010100011001111011010,"male_map"
5,"m",True,00100011010011000011000011000010,"male_map"
5,"m",True,01011001110101001011000011111010,"male_map"
5,"m",True,01111001100011000011001011011001,"male_map"
5,"m",True,01010111010101011011010001001110,"male_map"
5,"m",True,10000001000000101001001011011000,"male_map"
5,"m",True,01111000000011000011001001111010,"male_map"
5,"m",True,11011100000011000011010111000010,"male_map"
5,"m",True,01011001110001001011110011001011,"male_map"
5,"m",True,01011101110100010011000101111010,"male_map"
5,"m",True,01100000001101101110001011001011,"male_map"
5,"m",True,01001000000101001001001001100010,"male_map"
5,"m",True,11001100010100100001000011111010,"male_map"
5,"m",True,01010001010010000001010110101000,"male_map"
5,"m",True,01000010000001110001000011110111,"male_map"
5,"m",True,01010001000101101011000011010010,"male_map"
5,"m",True,11011100100101011011000011111000,"male_map"
5,"m",True,01011111010110000011000011001100,"male_map"
5,"m",True,01100001000110001001010011100010,"male_map"
5,"m",True,01001100000101000011011011110110,"male_map"
5,"m",True,11001001001011001111110011100011,"male_map"
5,"m",True,11000001100011101011011011011111,"male_map"
5,"m",True,01111001000111001011010011101111,"male_map"
10,"f",True,01100100001101100011000011011011,"female"
10,"f",True,01101100001101000111000011000011,"female"
10,"f",True,01101001101001001110010001001001,"female"
10,"f",True,00010000010111101001010011101101,"female"
10,"f",True,11101110000011101011111001111110,"female"
10,"f",True,01001000100110001011001011101010,"female"
10,"f",True,01011000000100001011010011111011,"female"
10,"f",True,01110000001100001001110011100000,"female"
10,"f",True,00000011000011101011000011101011,"female"
10,"f",True,01001001011000101010010011100000,"female"
10,"f",True,01100001000001001011100111001100,"female"
10,"f",True,11110101100111101011100101000101,"female"
10,"f",True,11111011000100011111001001011010,"female"
10,"f",True,11101001001101101011001011100011,"female"
10,"f",True,01110000001100011001110011110001,"female"
10,"f",True,01000000010101101001100111001011,"female"
10,"f",True,10001000000001011111101011010110,"female"
10,"f",True,11111001000011001010100111001111,"female"
10,"f",True,11100100001010101101000001101010,"female"
10,"f",True,00000000010010000011001011101011,"female"
10,"f",True,01011000010001000001000011101010,"female"
10,"f",True,11101000001001101001000011000011,"female"
10,"f",True,11000000000010101011100011001111,"female"
10,"f",True,01111000000111101011100011110100,"female"
10,"f",True,01010010010001101011100011010000,"female"
10,"f",True,11000101011101001111000111101000,"female"
10,"f",True,11010000100111001011011011101001,"female"
10,"f",True,00011001000101000101111101100010,"female"
10,"f",True,01111000000101010111001011010100,"female"
10,"f",True,01011001010111001011001101101001,"female"
10,"f",True,01110000110001101111100011010000,"female"
10,"f",True,01010001011000001010100011101001,"female"
10,"f",True,11011111000100011001000111010011,"female"
10,"f",True,00010000000111101011011111011110,"female"
10,"f",True,00110101001111001011001111101001,"female"
10,"f",True,01111001010010011110001111001100,"female"
10,"f",True,01010000000111001010000011100011,"female"
10,"f",True,01111100100011011011010011001010,"female"
10,"f",True,01111010110101000011001001100010,"female"
10,"f",True,01011001010001100110111111100001,"female"
10,"m",True,01111000001101101011000011000010,"male_map"
10,"m",True,01101001000001111011101011001110,"male_map"
10,"m",True,11111100001111001111000010000110,"male_map"
10,"m",True,01100011000001101010101001010010,"male_map"
10,"m",True,11001011001101001111000011100000,"male_map"
10,"m",True,01111000000111101011000011000010,"male_map"
10,"m",True,01010010100000101011011011111110,"male_map"
10,"m",True,11000001000111001001010011011011,"male_map"
10,"m",True,00001001000010001011000011011001,"male_map"
10,"m",True,01111101010001101010001011011010,"male_map"
10,"m",True,00110100010100101011000011101110,"male_map"
10,"m",True,11000001000101101001010011001110,"male_map"
10,"m",True,01001100011100001010000111001010,"male_map"
10,"m",True,11110000000011001011110011100101,"male_map"
10,"m",True,01011010000001100101000111010001,"male_map"
10,"m",True,11001100000000001101010011110001,"male_map"
10,"m",True,11011101000010100011001011010010,"male_map"
10,"m",True,11000000010001000011101011010111,"male_map"
10,"m",True,01011000000010111111001011000010,"male_map"
10,"m",True,11011001010000001001010111001100,"male_map"
10,"m",True,11001001000000001011000011001001,"male_map"
10,"m",True,01000000010000010111000011100100,"male_map"
10,"m",True,01010100000010001011110011000010,"male_map"
10,"m",True,11000101010001101011011001000110,"male_map"
10,"m",True,11010110110110000101010111100000,"male_map"
10,"m",True,01111001000100001001010111010010,"male_map"
10,"m",True,11011101000100001110100011011101,"male_map"
10,"m",True,01100001001111001010011110010010,"male_map"
10,"m",True,11110100101011101011111011001101,"male_map"
10,"m",True,11110111110100100011000001101110,"male_map"
10,"m",True,00011001011001001010010111001101,"male_map"
10,"m",True,01011000000101101000001011011000,"male_map"
10,"m",True,00111001001110100010101011000101,"male_map"
10,"m",True,01000000110011000111011011010111,"male_map"
10,"m",True,01011101000011001001101011001011,"male_map"
10,"m",True,01111001000000010100111011010001,"male_map"
10,"m",True,01100001000101001111000011101011,"male_map"
10,"m",True,00101001000001000001000011001010,"male_map"
10,"m",True,01000001000101101001100011101011,"male_map"
10,"m",True,01111000000010101011010111010110,"male_map"
10,"m",True,01111000100000100011001011000100,"male_map"
10,"m",True,00111101000110100010000011010000,"male_map"
15,"f",True,01111001001100011011101011110110,"female"
15,"f",True,01010100011011100011101011110001,"female"
15,"f",True,11001101000000001011001011000101,"female"
15,"f",True,10010101100000100101000011000111,"female"
15,"f",True,01111101010101000001001011001011,"female"
15,"f",True,01100001000011101010001011100110,"female"
15,"f",True,01001111000111001011000011000011,"female"
15,"f",True,01110101001011100111000011011011,"female"
15,"f",True,11111000110011001011010011001111,"female"
15,"f",True,01111001001111101011000011000010,"female"
15,"f",True,01011001010111101011110011011011,"female"
15,"f",True,01000101000101011011110011001011,"female"
15,"f",True,11001100000001001011110011010010,"female"
15,"f",True,01001000010001001011110111011110,"female"
15,"f",True,11001000001110001011010111100001,"female"
15,"f",True,00000110001111101011100011111010,"female"
15,"f",True,01111010010110101011101011001001,"female"
15,"f",True,00111111000111101111100111111111,"female"
15,"f",True,01100100000000000011000011000001,"female"
15,"f",True,01101010000101100101011001111010,"female"
15,"f",True,11000011010000101011101011001110,"female"
15,"f",True,11111001010001001000111011001010,"female"
15,"f",True,01000101000101000111001111111001,"female"
15,"f",True,11000000001011100010110011011101,"female"
15,"f",True,00001011000101001010001111001011,"female"
15,"f",True,01000101011111000011100011111010,"female"
15,"f",True,11001001010111101011010011001111,"female"
15,"f",True,00001001101011001111010011000001,"female"
15,"f",True,00001100000101001011001011110010,"female"
15,"f",True,01100001110111001011100111011100,"female"
15,"f",True,01001000010111101011001111001100,"female"
15,"f",True,01010101010101001001000011111010,"female"
15,"f",True,01010000000011101011101011000010,"female"
15,"f",True,01111001000000110011101111010010,"female"
15,"f",True,01000001000111000110010101101010,"female"
15,"f",True,01101000000001001111000111001011,"female"
15,"f",True,01010011001111010001000011101010,"female"
15,"f",True,01100000001111001000100111101010,"female"
15,"f",True,11011000000010001001111001000011,"female"
15,"f",True,01001010000011001111001011100011,"female"
15,"f",True,00011100010100001011101011011001,"female"
15,"f",True,11001001101011001011001111010111,"female"
15,"f",True,10011010001100001011111011101010,"female"
15,"f",True,11111001000111001011010011010001,"female"
15,"f",True,01001100101001001010100110111011,"female"
15,"f",True,01011000000011000010010011001100,"female"
15,"m",True,01001100000111001011000011111011,"male_map"
15,"m",True,01010001010000100111110011110010,"male_map"
15,"m",True,00111011000010000000100011001011,"male_map"
15,"m",True,11111000011011100001011001011010,"male_map"
15,"m",True,01001001001101001001011011000001,"male_map"
15,"m",True,01101011010101100011001011100010,"male_map"
15,"m",True,01011111000001001011001011110010,"male_map"
15,"m",True,01101100001100010011000111011010,"male_map"
15,"m",True,11001101000001101011101011011011,"male_map"
15,"m",True,01100001000101000111101011111011,"male_map"
15,"m",True,11001000000000001011000011011010,"male_map"
15,"m",True,01101001000011101010100011000010,"male_map"
15,"m",True,01010000001111111001000001000000,"male_map"
15,"m",True,10010010000000000011100111100111,"male_map"
15,"m",True,00011011000001100101100011001011,"male_map"
15,"m",True,01011010011000001011111001111000,"male_map"
15,"m",True,01011001000001001001101011011001,"male_map"
15,"m",True,01001000000110101111001111000110,"male_map"
15,"m",True,01011101010101100101100111001100,"male_map"
15,"m",True,01011001010101010111001111001010,"male_map"
15,"m",True,01111010110100100011000011100000,"male_map"
15,"m",True,11011001010100011011000111110110,"male_map"
15,"m",True,00001000010101000001100111101111,"male_map"
15,"m",True,11110101010111001111011011011010,"male_map"
15,"m",True,11000001000010000001111011110100,"male_map"
15,"m",True,01001000000101001001000011101010,"male_map"
15,"m",True,01111001001101100011000111000010,"male_map"
15,"m",True,01011100011111000111111011011001,"male_map"
15,"m",True,00000000000001101111001011101011,"male_map"
15,"m",True,11100101010110101010010011100100,"male_map"
15,"m",True,01011001001101000011010111001110,"male_map"
15,"m",True,01011010000111001010101111101001,"male_map"
15,"m",True,01001000000111001011001011000010,"male_map"
15,"m",True,10001001010111001011010111100111,"male_map"
15,"m",True,01010001010110001011000011111111,"male_map"
15,"m",True,11010100010000101001000111101000,"male_map"
15,"m",True,01010101100111100110001010001111,"male_map"
20,"f",True,01111100101010101001001011000101,"female"
20,"f",True,01010001000111001011101111001101,"female"
20,"f",True,00100100010011101111100011000110,"female"
20,"f",True,01000100001011101000110011011111,"female"
20,"f",True,01110001000001101011110001100110,"female"
20,"f",True,11001110001100001011000011101000,"female"
20,"f",True,01011000010101101011100011110001,"female"
20,"f",True,01000100011101000111001001101010,"female"
20,"f",True,01100000001111101000011111111011,"female"
20,"f",True,01100010000001001011001011101010,"female"
20,"f",True,11010001010011110001000001000000,"female"
20,"f",True,01000000010101100001010011100110,"female"
20,"f",True,01110001001101001010111011000011,"female"
20,"f",True,11011001000111101011000111101010,"female"
20,"f",True,01111010000000001011000111101001,"female"
20,"f",True,00011001000000000000110011001011,"female"
20,"f",True,11101101010110000011000111111001,"female"
20,"f",True,01110001000101001111110111100011,"female"
20,"f",True,01011100000111101011110011101111,"female"
20,"f",True,01001000001011101001001011110101,"female"
20,"f",True,01010001000111000000000111101011,"female"
20,"f",True,01000000000111011011000111011010,"female"
20,"f",True,01000101010111000011001111101100,"female"
20,"f",True,01111001001001101011100110010010,"female"
20,"f",True,01011001000000000000101011101010,"female"
20,"f",True,11000100010001000111111011001011,"female"
20,"f",True,11101001110010001010010011101010,"female"
20,"f",True,01000000011011001111010111100000,"female"
20,"f",True,11000000001111101110100001101011,"female"
20,"f",True,01001000010000001011000011001010,"female"
20,"f",True,01100110010110001010000111101001,"female"
20,"f",True,11100101010111011011011011010010,"female"
20,"m",True,01101100001110100101111011011010,"male_map"
20,"m",True,01011100000101001111000111011010,"male_map"
20,"m",True,01011010010000000111101011010001,"male_map"
20,"m",True,10011000000010101001001111000101,"male_map"
20,"m",True,11110001000111101011000011000111,"male_map"
20,"m",True,11010001001111100001110011101110,"male_map"
20,"m",True,00101100110110101011000111111100,"male_map"
20,"m",True,01111001000011101011000011001110,"male_map"
20,"m",True,00111100011100101011010011100011,"male_map"
20,"m",True,01101001001101001011011001000011,"male_map"
20,"m",True,01101001010000001010000011000010,"male_map"
20,"m",True,00100101010001101011000001111110,"male_map"
20,"m",True,01011001010000001001011011101001,"male_map"
20,"m",True,00010100000101100111000111101100,"male_map"
20,"m",True,11011000010001010101001011110101,"male_map"
20,"m",True,01000101000101010011001101001010,"male_map"
20,"m",True,00010000101101101010000011011100,"male_map"
20,"m",True,01001011001101101011101011000100,"male_map"
20,"m",True,11111100001011101011011011000111,"male_map"
20,"m",True,11001001110100101011110111110110,"male_map"
20,"m",True,00011100010101001011000111100010,"male_map"
20,"m",True,11001100000001001001000101101010,"male_map"
20,"m",True,00011000010110101011100111101110,"male_map"
20,"m",True,01011001010111101011010111101010,"male_map"
20,"m",True,11110001000110001111000011000001,"male_map"
20,"m",True,01101101010111000111000111000010,"male_map"
20,"m",True,00001001001111100000001111001010,"male_map"
20,"m",True,11101001000100001110100111011001,"male_map"
25,"f",True,01011000001011101001101111110010,"female"
25,"f",True,01110011000000000011001111100110,"female"
25,"f",True,10001001001101101111000001011100,"female"
25,"f",True,01010001001111001010111011100101,"female"
25,"f",True,11111011110100100010101111011000,"female"
25,"f",True,10001001001011100011000011001111,"female"
25,"f",True,00111100010010100001001011111010,"female"
25,"f",True,00011000010100100001011111110110,"female"
25,"f",True,01100001000111101010001011100011,"female"
25,"f",True,01010001010011100011101111101100,"female"
25,"f",True,01011010011011101011001001111001,"female"
25,"f",True,11010101000011000011011011001010,"female"
25,"f",True,01110001000011101011100011100111,"female"
25,"f",True,01011001001101111010010011011001,"female"
25,"f",True,01011000000011000001000001101101,"female"
25,"f",True,01100000011100001011110011100010,"female"
25,"f",True,01101100000011000001010011000110,"female"
25,"f",True,01101000101111000111100001100001,"female"
25,"f",True,11001000000111111011000111000110,"female"
25,"m",True,01100000000111001111010001110010,"male_map"
25,"m",True,01000000000111011011100011001000,"male_map"
25,"m",True,01011010100111001001010001010100,"male_map"
25,"m",True,10001001000101001011010011000000,"male_map"
25,"m",True,01000000000000101011011001100011,"male_map"
25,"m",True,10111001000111001000000111100010,"male_map"
25,"m",True,10011100000100101001010011000010,"male_map"
25,"m",True,01111000000111100000011011000010,"male_map"
25,"m",True,00001001000010100111000011001111,"male_map"
25,"m",True,01111011100011101011000011100011,"male_map"
25,"m",True,11111010000110101010000101111010,"male_map"
25,"m",True,00110001000001101011100111010010,"male_map"
25,"m",True,01011001111110001111010011001000,"male_map"
25,"m",True,10101001101011010111100001111101,"male_map"
25,"m",True,01010000101011101010000001110001,"male_map"
25,"m",True,10010101000011101111001011000010,"male_map"
25,"m",True,00010010000111101001100011101101,"male_map"
25,"m",True,01111100010111101011011001001010,"male_map"
25,"m",True,01001001000001101111101011001011,"male_map"
25,"m",True,01001000011100101011101101000111,"male_map"
30,"f",True,01110000000011000010000011111001,"female"
30,"f",True,01111000000001101010001001100010,"female"
30,"f",True,01001011000101001011101011110000,"female"
30,"f",True,11100011010100110001001011111010,"female"
30,"f",True,11111001000101101011001011011011,"female"
30,"f",True,00101001011011101011100101000111,"female"
30,"f",True,01110000000111101011010011000011,"female"
30,"f",True,01010010010001101011100011010001,"female"
30,"f",True,01111111010000001001010111000011,"female"
30,"f",True,10001100001010101001000001101010,"female"
30,"f",True,01011001000111000011010011101011,"female"
30,"f",True,11011000000001011011011011000110,"female"
30,"f",True,01011001000101001011110011101011,"female"
30,"f",True,01111000100010100011001011001011,"female"
30,"f",True,11000000010100111011000011011101,"female"
30,"f",True,11000110000001101011110011101001,"female"
30,"f",True,01010110000011100010000111101010,"female"
30,"f",True,00001101000011000001111001000010,"female"
30,"f",True,00011100000000000101000001011110,"female"
30,"f",True,01110101000011000011000011001110,"female"
30,"f",True,01000000000111101011001111000101,"female"
30,"f",True,11110101000011101010000111000101,"female"
30,"f",True,11010101000011101011100011101011,"female"
30,"m",True,11010000001011000111100111011111,"male_map"
30,"m",True,00010001000000111001001011001100,"male_map"
30,"m",True,01001001000111000101111001001011,"male_map"
30,"m",True,11010101000001001011010010111001,"male_map"
30,"m",True,01111101001101001000110111000111,"male_map"
30,"m",True,11101001001111100111100001011101,"male_map"
30,"m",True,01110100000011100101000001001101,"male_map"
30,"m",True,01101110000100001001010101000001,"male_map"
30,"m",True,01111101010110001001000111010111,"male_map"
30,"m",True,11100001000010101011000111010010,"male_map"
30,"m",True,01111001011011000011011111000110,"male_map"
30,"m",True,10010101000000001010010011001010,"male_map"
30,"m",True,01111000000001000111001001111010,"male_map"
30,"m",True,11011101000101001011011111001110,"male_map"
30,"m",True,01010011010001010011001001001110,"male_map"
30,"m",True,01011011100011000011001011001001,"male_map"
30,"m",True,00100110001100000011000001110000,"male_map"
30,"m",True,01010100000001101010000111100011,"male_map"
30,"m",True,01010000111011101111001011010110,"male_map"
30,"m",True,00011101100100101010001011101011,"male_map"
30,"m",True,11010000001100101010100011011101,"male_map"
30,"m",True,01010011010110001011000001001111,"male_map"
35,"f",True,01010101000011000011000001000010,"female"
35,"f",True,11010001110111001011010011001111,"female"
35,"f",True,11000000000011000001011111011111,"female"
35,"f",True,01011111000110001011110011100011,"female"
35,"f",True,01111001000101101011100011010110,"female"
35,"f",True,01010100010000010001000111101000,"female"
35,"f",True,11010000100111111011010011011011,"female"
35,"f",True,01011001000111001111100011010011,"female"
35,"f",True,01011011001111011011010011001111,"female"
35,"f",True,11000100000001000010000011010011,"female"
35,"f",True,00000010100010101011100011011001,"female"
35,"f",True,01111110010101100011000111101101,"female"
35,"f",True,11011000000011100111000011010011,"female"
35,"f",True,01000010010111100001010111101110,"female"
35,"f",True,01001110001111101011101001110010,"female"
35,"f",True,01100001011011001011000011001101,"female"
35,"f",True,11001001010111000010000111001110,"female"
35,"f",True,11001000000000101011000011011010,"female"
35,"f",True,01111001001010001001001011001011,"female"
35,"f",True,11001101010001000101011011100001,"female"
35,"f",True,10011001000011001010011011000000,"female"
35,"f",True,01110000011101001011000011000101,"female"
35,"f",True,01010101000000001001000011011111,"female"
35,"f",True,10010000111001001111000001111010,"female"
35,"f",True,01110001000001001001101111001101,"female"
35,"f",True,01110000001011000001110001100101,"female"
35,"f",True,10000001010111111001000011101011,"female"
35,"f",True,01000011000101100011011111101000,"female"
35,"f",True,01001010000001100001010011110110,"female"
35,"f",True,01000000000001001111000011001010,"female"
35,"m",True,01101001111011001110010011000001,"male_map"
35,"m",True,01011100000111100111001011010110,"male_map"
35,"m",True,11011101000000101001000011101010,"male_map"
35,"m",True,11010001100110001111100101010011,"male_map"
35,"m",True,10001100000001001011111011010110,"male_map"
35,"m",True,01001000000100001001001011100010,"male_map"
35,"m",True,11101000010001011001001011000001,"male_map"
35,"m",True,01011011000000001010000011001000,"male_map"
35,"m",True,01010110000011100011100011001001,"male_map"
35,"m",True,01001000110011101011010011001111,"male_map"
35,"m",True,00110100000011010001000111100111,"male_map"
35,"m",True,11110001001111110001000001000001,"male_map"
35,"m",True,01001100000100001011001011111010,"male_map"
35,"m",True,01100000000101101001001011111011,"male_map"
35,"m",True,01100000101101100010000011010010,"male_map"
35,"m",True,01110100001001110011001011010011,"male_map"
35,"m",True,11101001010111000011011001000111,"male_map"
35,"m",True,01100001010101000111000001011011,"male_map"
35,"m",True,01010100000010101001001111011011,"male_map"
40,"f",True,01000001010011000100010100101010,"female"
40,"f",True,00011101010010100111000001011000,"female"
40,"f",True,11001100000011100011010111001101,"female"
40,"f",True,11101001010001000010101111000110,"female"
40,"f",True,11101001010000101011000011011011,"female"
40,"f",True,00011011000101101011000011100011,"female"
40,"f",True,00101111001001100111100111000111,"female"
40,"f",True,10001110010010101001000111001100,"female"
40,"f",True,01001000000111001001001001000000,"female"
40,"f",True,00010100000100000011100011000011,"female"
40,"f",True,00110001010110101011011011101011,"female"
40,"f",True,00110101000110001011000111101101,"female"
40,"f",True,11001001000011101011010011100011,"female"
40,"f",True,01101001000001000001000011101010,"female"
40,"f",True,11011101000000001011000011001111,"female"
40,"f",True,01011001000011000010101111100010,"female"
40,"f",True,01110100000000001001010011100110,"female"
40,"m",True,11011001001110100001001011011110,"male_map"
40,"m",True,00010100010110100011110011100110,"male_map"
40,"m",True,00010000000011010001000011101000,"male_map"
40,"m",True,01010100000001101011001011110011,"male_map"
40,"m",True,01001001000111100011001111001011,"male_map"
40,"m",True,01111100000100101001011011101100,"male_map"
40,"m",True,11011111111111000111110111011000,"male_map"
40,"m",True,00010101001101101010100111101001,"male_map"
40,"m",True,01010000110110001001000111001100,"male_map"
40,"m",True,01011000110101111011100011111000,"male_map"
40,"m",True,11000101000111001001100011011110,"male_map"
40,"m",True,01101001010010001010100011100000,"male_map"
40,"m",True,11100000000011001011010011101101,"male_map"
40,"m",True,11111101010101101011001011011001,"male_map"
45,"f",True,11110010010000101011111011000001,"female"
45,"f",True,01100101000111011011010011001101,"female"
45,"f",True,01111001010011001010110011001010,"female"
45,"f",True,10000100000011001011000101000010,"female"
45,"f",True,01001101010110001001100111010010,"female"
45,"f",True,11001001001100001011010111000001,"female"
45,"f",True,01000001000101001111001001101010,"female"
45,"f",True,01011000000010100011000111010000,"female"
45,"f",True,01001000010001010111100011100100,"female"
45,"m",True,01110001000001101011101001100110,"male_map"
45,"m",True,00001000000011100011010011111110,"male_map"
45,"m",True,01111010110100100011001011000000,"male_map"
45,"m",True,11001100001011001111010011100001,"male_map"
45,"m",True,00000001000101000101110011010010,"male_map"
45,"m",True,00011101010111000001000001001010,"male_map"
45,"m",True,01100100010101100111001011011010,"male_map"
45,"m",True,01100000010001001111000011100000,"male_map"
45,"m",True,01001110000010101011000001001100,"male_map"
45,"m",True,11101101010110010111010101111100,"male_map"
45,"m",True,01101000000011010001100011110011,"male_map"
45,"m",True,01001101100001101011011011101011,"male_map"
45,"m",True,01111001001111100010001111101010,"male_map"
45,"m",True,11111001000011001000001111000011,"male_map"
45,"m",True,11011010001000001011111011101010,"male_map"
45,"m",True,01010100000101001011000011100010,"male_map"
50,"f",True,01011000000101011001000111011010,"female"
50,"f",True,01000010000001000111000011101011,"female"
50,"f",True,11011001000101100010010111001111,"female"
50,"f",True,11011011000100011001000111011011,"female"
50,"f",True,01010100000100000111101011011001,"female"
50,"f",True,00100101010110001111000111111110,"female"
50,"f",True,00000010000111101001100011001011,"female"
50,"f",True,00001100010111100001000111000110,"female"
50,"f",True,01011001100111100001011011001110,"female"
50,"f",True,01010010110000100011000011110111,"female"
50,"f",True,11000001010110101011111011010010,"female"
50,"f",True,00110001000010111011000111101110,"female"
50,"f",True,01010001000101000011110101101011,"female"
50,"f",True,01110111000111100011101011000111,"female"
50,"m",True,01000101000001111011001001001010,"male_map"
50,"m",True,01011100000100011101011011010001,"male_map"
50,"m",True,00011001000111001010011011101001,"male_map"
50,"m",True,01011010101101101011010011010111,"male_map"
50,"m",True,01000100001010001011100111010111,"male_map"
50,"m",True,00100001000101101111001011101011,"male_map"
50,"m",True,11011011010001100001001011101110,"male_map"
50,"m",True,01011111100111000011010111001100,"male_map"
50,"m",True,10101001010110000011011011101010,"male_map"
50,"m",True,11111011000000011001101111100001,"male_map"
50,"m",True,11000011000011101011010011100011,"male_map"
50,"m",True,01111001000001101011100011010110,"male_map"
50,"m",True,01101101010011000111000011000010,"male_map"
50,"m",True,10001100001100101001000011101010,"male_map"
55,"f",True,10111000010011000011011001101010,"female"
55,"f",True,01111100000111100010000010000110,"female"
55,"f",True,10010001000011001011000101000011,"female"
55,"f",True,11001000000001101011100011011010,"female"
55,"f",True,11101001101011100111100001011001,"female"
55,"f",True,01001011001101101111101011100010,"female"
55,"f",True,01011100010111001011110011011011,"female"
55,"f",True,11011001001111101011100011001110,"female"
55,"m",True,00000001000011000111001110111010,"male_map"
55,"m",True,01000010000000000011001011100010,"male_map"
55,"m",True,01101100010110001011010001001011,"male_map"
55,"m",True,01111100000011010011110011001000,"male_map"
55,"m",True,01110000001111001000100111101001,"male_map"
55,"m",True,11010000100110000001010001000011,"male_map"
55,"m",True,00001000000001001010001111001011,"male_map"
55,"m",True,00000001000111101111010011101000,"male_map"
55,"m",True,01001001000110101111000001100111,"male_map"
55,"m",True,00000111000010100010110011011011,"male_map"
55,"m",True,00010110011001100001000011111011,"male_map"
55,"m",True,01011001000110011110101011001100,"male_map"
55,"m",True,11011100000001001011001011011110,"male_map"
60,"f",True,01011001000111100111100011011111,"female"
60,"f",True,00101001000011101010110011000001,"female"
60,"f",True,11111001000010001011000011001001,"female"
60,"f",True,01011110010110101111000001111010,"female"
60,"f",True,01111010000001001001000011110111,"female"
60,"f",True,01000110011100001001001011000000,"female"
60,"m",True,01000001010011100011001011101000,"male_map"
60,"m",True,01010101000000001001010110101001,"male_map"
60,"m",True,01001100010000011101101011000001,"male_map"
60,"m",True,11111001101111001011100011001011,"male_map"
65,"f",True,11110001010111010011001111001010,"female"
65,"f",True,00110101000010001001000011011010,"female"
65,"f",True,11011001000111001011010011001010,"female"
65,"f",True,00010101000010000011000011001000,"female"
65,"f",True,11111000010111011011011011000011,"female"
65,"m",True,01000010000011001011000011100011,"male_map"
65,"m",True,00011101010111100111100111011100,"male_map"
65,"m",True,01000100010011101011001011000110,"male_map"
65,"m",True,11001001001110101111001111010010,"male_map"
65,"m",True,11000001000011000001011111000000,"male_map"
70,"f",True,01010110000001100011000011111011,"female"
70,"f",True,11010001001011001011001111011011,"female"
70,"f",True,00100000000101011011000001100000,"female"
70,"f",True,01111101010111001111000001111110,"female"
70,"f",True,01101011110000100011001011001011,"female"
75,"f",True,11011000101001101010010011001111,"female"
75,"m",True,11000000001010100011110011001011,"male_map"
